Intercept (b0),Slope (b1)
2.6096450939457303,0.8768267223382025
